$Q$[GeV],$\alpha_s(Q)$
0.1,1.94643
0.2,1.24448
0.3,0.95798
0.4,0.795672
0.5,0.688968
0.6,0.612497
0.7,0.554502
0.8,0.508723
0.9,0.471491
1,0.4405
1,0.4405
1.53091,0.339715
2.34367,0.278295
3.58794,0.236456
5.4928,0.20681
8.40896,0.185356
12.8733,0.168027
19.7079,0.153736
30.1709,0.141743
46.1888,0.131525
70.7107,0.122712
108.251,0.115026
165.723,0.108265
253.706,0.102269
388.4,0.0969133
594.604,0.0920995
910.282,0.0877485
1393.56,0.083796
2133.4,0.0801892
3266.04,0.0768845
5000,0.0738455
